Element,Stress_MPa
0,3.333333333333333
1,-6.0092521257733145
2,-6.0092521257733145
